score,upvote_ratio,num_comment,author_name,nums_comment_karma,is_mod,is_gold,is_employee
3670,0.97,176,Kent-Clark-,790,False,False,False
3286,0.98,264,MrBurritoQuest,2636,False,False,False
3262,0.97,126,CompetitivePlastic67,1087,False,False,False
3196,0.98,63,da_chosen1,8050,False,False,False
3067,0.98,119,Kickass_Wizard,346,False,False,False
3037,0.97,69,NotActual,2341,False,False,False
3017,0.98,59,Lynx-Sure,569,True,False,False
2927,0.98,134,ExecutiveFingerblast,9689,False,False,False
2906,0.99,110,forbiscuit,19769,True,False,False
2654,0.98,91,Siba911,102,False,False,False
2626,0.94,54,the_last_crusaderr,183,False,False,False
2589,0.99,104,WirelessSushi,1289,False,False,False
2518,0.98,88,Kickass_Wizard,346,False,False,False
2449,0.98,42,VeryOddEvey,250,True,False,False
2450,0.98,46,rotterdamn8,3926,False,False,False
2394,0.98,179,Altruistic_Camel,19068,True,False,False
2383,0.98,123,tits_mcgee_92,22805,False,False,False
2353,0.97,279,malmcb,1361,False,False,False
2221,0.94,267,harsh5161,196,False,False,False
2208,0.97,156,tits_mcgee_92,22805,False,False,False
2212,0.98,76,threddyrex,649,False,True,False
2140,0.98,88,unknown777,552,True,False,False
2133,0.99,60,NotActual,2341,False,False,False
2132,0.99,192,aschonfe,745,False,False,False
2104,0.96,67,harsh5161,196,False,False,False
2079,0.97,23,NotActual,2341,False,False,False
2076,0.94,131,Kent-Clark-,790,False,False,False
2026,0.94,83,tits_mcgee_92,22805,False,False,False
1986,0.96,85,rajeshbhat_ds,5791,True,False,False
1964,0.99,39,NotActual,2341,False,False,False
1964,0.97,65,shreddit47,1582,True,False,False
1959,0.98,87,JustGlowing,1997,True,False,False
1933,0.97,83,keymado,22,False,False,False
1901,0.98,109,NotActual,2341,False,False,False
1875,0.97,47,Kickass_Wizard,346,False,False,False
1855,0.96,52,postal__dude,295,False,False,False
1850,0.97,91,BluntButter,1203,False,False,False
1851,0.98,46,Anxious_City_7864,21,False,False,False
1827,0.98,157,tits_mcgee_92,22805,False,False,False
1806,0.98,25,NotActual,2341,False,False,False
1771,0.96,94,da_chosen1,8050,False,False,False
1761,0.96,126,tits_mcgee_92,22805,False,False,False
1757,0.98,45,Sir-_-Butters22,22021,False,False,False
1704,0.94,290,takenorinvalid,200596,False,False,False
1671,0.94,141,tits_mcgee_92,22805,False,False,False
1642,0.97,234,Roger20Federer,3715,True,False,False
1644,0.95,98,postal__dude,295,False,False,False
1646,0.99,250,macknasty321,4306,False,False,False
1605,0.98,128,NotActual,2341,False,False,False
1594,0.96,45,Steingar,321,False,False,False
1580,0.99,65,OneSaucyWaffle,4189,False,False,False
1574,0.97,29,postal__dude,295,False,False,False
1532,0.94,175,Fintech_ML,386,True,False,False
1529,0.98,91,caksters,4912,False,False,False
1483,0.98,76,eawal,236,False,False,False
1456,0.96,208,save_the_panda_bears,7970,False,False,False
1456,0.95,134,Kennyb321,10403,False,False,False
1452,0.99,88,rotterdamn8,3926,False,False,False
1428,0.99,94,BullCityPicker,50347,False,False,False
1424,0.98,71,curizzo,0,False,False,False
1421,0.99,255,dsdude1337,679,False,False,False
1419,0.99,32,-Zubenelgenubi,59,False,False,False
1401,0.98,10,jonboighini,46,False,False,False
1374,0.98,64,question_23,19059,True,False,False
1373,0.97,205,streak_quest,449,False,False,False
1364,0.95,343,Cotto079,298,False,False,False
1344,0.99,103,ElegantFeeling,155,False,False,False
1346,0.97,32,Drunken_Economist,1238675,True,True,False
1340,0.98,70,NotActual,2341,False,False,False
1336,0.95,157,BasedAcid,1209,False,False,False
1332,0.93,290,geo_jam,8406,False,False,False
1292,0.96,159,NotActual,2341,False,False,False
1286,0.99,29,pap_n_whores,2294,False,False,False
1283,0.96,54,Nateorade,124512,True,False,False
1265,0.98,31,NotActual,2341,False,False,False
1256,0.94,54,Osiris_R,23,False,False,False
1251,0.97,52,coalcracker462,1361,False,False,False
1253,0.99,111,supra95,988,False,False,False
1220,0.99,61,WirelessSushi,1289,False,False,False
1218,0.97,118,ibsurvivors,1100,False,False,False
1212,0.96,137,stolzen,818,False,False,False
1194,0.95,179,informatica6,4858,False,False,False
1190,0.95,155,veeeerain,9835,False,False,False
1177,0.98,124,mattstats,6618,False,False,False
1137,0.98,35,mk4rim,14881,True,False,False
1098,0.99,50,Folasade_Adu,1007,False,False,False
1095,0.98,26,NotActual,2341,False,False,False
1074,0.98,22,leefaf,512,True,False,False
1064,0.96,56,EvanstonNU,1185,False,False,False
1058,0.96,196,coronnial,1743,False,False,False
1037,0.94,193,sc4s2cg,49973,True,False,False
1036,0.96,107,shitinmyunderwear,46113,True,False,False
1032,0.98,114,harsh5161,196,False,False,False
1027,0.92,275,Duncan_Sarasti,12480,False,False,False
1025,0.95,101,da_chosen1,8050,False,False,False
1021,0.93,173,c1nv1n,1463,False,False,False
1012,0.99,50,karaposu,346,False,False,False
1007,0.94,36,bhendel,1590,False,False,False
1005,0.96,32,rohan36,331,False,False,False
1003,0.94,67,mr_dicaprio,1716,False,False,False
996,0.95,86,TheInsaneApp,371,True,False,False
985,0.98,44,RB_7,32865,False,False,False
981,0.97,22,Mylonite0105,1685,False,False,False
988,1.0,31,TuxedoFloorca,9943,False,True,False
984,0.98,22,harsh5161,196,False,False,False
982,0.98,51,SOTP_,31,False,False,False
974,0.84,173,pic_bot,5945,True,False,False
976,0.96,84,theyklledkenny,1378,False,False,False
966,0.96,182,takenorinvalid,200596,False,False,False
966,0.97,66,save_the_panda_bears,7970,False,False,False
954,0.96,114,jakemmman,5860,False,False,False
929,0.95,30,DistanceThat1503,102,False,False,False
935,0.9,35,RapidActionBattalion,8123,False,False,False
926,0.97,73,royal-Brwn,1347,False,False,False
927,0.98,53,danquandt,2065,False,False,False
925,0.95,70,IpsoCranius,1706,False,False,False
917,0.96,24,WittyWillow3,167,False,False,False
912,0.98,15,NotActual,2341,False,False,False
909,0.92,224,yukobeam,1358,False,False,False
893,0.99,50,kotartemiy,832,False,False,False
891,0.97,77,TheInsaneApp,371,True,False,False
881,0.97,114,BluntButter,1203,False,False,False
872,0.98,57,minimaxir,69898,True,False,False
870,0.97,107,drake10k,2864,False,False,False
867,0.98,86,misterpoolittle,443,False,False,False
867,0.98,60,ryan_770,12510,True,False,False
861,0.91,101,asianyo,36308,True,False,False
866,0.97,21,unnamedn00b,776,False,False,False
852,0.98,168,forbiscuit,19769,True,False,False
857,0.94,157,SexyMuon,15664,False,False,False
854,0.96,296,Greedy_Comfortable73,2869,False,False,False
846,0.96,333,ThrowThisAwayMan123,142,False,False,False
848,0.97,173,Trick-Temperature-09,301,True,False,False
841,0.98,21,acidplasm,8504,True,False,False
843,0.95,219,smmstv,105834,False,False,False
821,0.98,39,ai-lover,170,True,False,False
811,0.97,76,Jolly_Duck,173,False,False,False
808,0.85,235,Normal_Flan_1269,7479,False,False,False
806,0.95,77,da_chosen1,8050,False,False,False
801,0.97,148,jambery,5073,False,False,False
803,0.98,64,ai-lover,170,True,False,False
791,0.97,121,HuldaGnodima,10130,False,False,False
796,0.98,75,Takafraka,8996,True,False,False
788,0.88,210,Present_Comfort7814,1684,False,False,False
792,0.94,19,EvanstonNU,1185,False,False,False
777,0.88,140,bluesformetal,107,False,False,False
784,0.99,108,Professional_Crazy49,955,False,False,False
779,0.95,117,mr_chanandler_bong_1,23416,False,False,False
773,0.89,447,AugustPopper,1938,False,False,False
774,0.98,59,kiwiboy94,863,False,False,False
766,0.98,185,wearethat,68896,False,False,False
770,0.97,56,vogt4nick,4672,True,False,False
767,0.92,299,aznpersuazion,198,False,False,False
763,0.99,70,Gill_Chloet,2,False,False,False
762,0.96,287,Least_Curious_Crab,1146,False,False,False
753,0.94,242,jonfla,1701,False,False,False
750,0.97,32,NotActual,2341,False,False,False
752,0.92,178,ariyanhasan,11,True,False,False
748,0.97,61,Coyote_0210,293,False,False,False
740,0.96,249,MercuriusExMachina,4674,True,False,False
746,0.96,29,madzthakz,11296,False,False,False
736,0.97,89,qaops,66,False,False,False
736,0.97,53,dcastm,811,False,False,False
732,0.95,164,proof_required,39936,False,False,False
728,0.98,202,rayyan26,170,False,False,False
727,0.97,189,manurbs,3,False,False,False
726,0.97,10,rohan36,331,False,False,False
725,0.98,40,chkgxkdlyl44,67,False,False,False
724,0.96,18,mk4rim,14881,True,False,False
723,0.95,62,NotActual,2341,False,False,False
717,0.98,66,R_python96,1498,True,False,False
715,0.91,150,knestleknox,71435,True,False,False
717,0.94,74,minimaxir,69898,True,False,False
714,0.94,94,zzzzz94,203608,True,False,False
717,0.98,46,NotActual,2341,False,False,False
709,0.97,163,leonoel,64617,True,False,False
717,0.94,30,jelkyanna,79,False,False,False
710,0.99,38,keyboardP,3561,True,False,False
712,0.97,8,Onz_11,335,False,False,False
709,0.97,14,NickSinghTechCareers,5490,True,False,False
710,0.94,50,madzthakz,11296,False,False,False
708,0.98,113,marabou_stork,955,False,False,False
706,0.98,99,ricklamers,677,False,False,False
706,0.93,67,VeryOddEvey,250,True,False,False
710,0.96,25,TobyWasBestSpiderMan,108247,True,False,False
699,0.98,185,DJAlaskaAndrew,21609,False,False,False
697,0.99,124,HesaconGhost,6872,False,False,False
696,0.98,190,TheStampTramp,5508,False,False,False
691,0.99,78,welanes,746,False,False,False
692,0.96,110,Ballsfor11days,348,False,False,False
692,0.97,180,ScienTecht,3,False,False,False
689,0.96,91,MonthyPythonista,526,False,False,False
678,0.94,75,ai-lover,170,True,False,False
680,0.92,292,deepcontractor,7651,True,False,False
678,0.98,221,mcjon77,65578,False,False,False
677,0.98,37,w_savage,13128,False,False,False
672,0.98,102,panda6699,814,False,False,False
666,0.99,90,dfphd,24487,True,False,False
661,0.94,191,CactusOnFire,58195,True,False,False
665,0.83,306,deanpwr,435,False,False,False
658,0.97,180,ar_t_e_m_is,246,False,False,False
660,0.98,44,dope_as_soap,235,False,False,False
656,0.97,100,ursef,445,False,False,False
658,0.99,32,pizzaburek,200,False,False,False
659,0.91,155,redmoon_reddit,121,False,False,False
657,0.98,31,pillkill,6697,False,False,False
660,0.73,176,harsh5161,196,False,False,False
657,0.96,37,madzthakz,11296,False,False,False
653,0.96,107,Karlos224,35,False,False,False
650,0.95,317,KikaCodes,588,False,False,False
648,0.92,7,VedraiSpA,7,False,False,False
642,0.98,43,5x12,48,False,False,False
643,0.98,102,Equivalent-Okra-8524,180,False,False,False
640,0.9,105,Shradha_Singh,36,False,False,False
645,0.99,58,dfphd,24487,True,False,False
637,0.97,175,tits_mcgee_92,22805,False,False,False
641,0.81,276,da_chosen1,8050,False,False,False
640,0.95,49,gagejustins,240,False,False,False
633,0.98,30,ibsurvivors,1100,False,False,False
630,0.97,197,minimaxir,69898,True,False,False
625,0.97,196,Swan_233,4724,False,False,False
628,0.93,60,squashcakes,338,False,False,False
625,0.97,75,ibsurvivors,1100,False,False,False
623,0.96,170,poetical_poltergeist,32435,True,False,False
624,0.91,42,fcbayern3,1072,False,False,False
616,0.95,91,dfphd,24487,True,False,False
621,0.97,63,da_chosen1,8050,False,False,False
620,0.97,116,paultbiz,1695,False,False,False
615,0.98,265,stolzen,818,False,False,False
615,0.99,135,groovyJesus,2391,False,False,False
613,0.96,24,TrendingBot,1821,True,False,False
617,0.97,19,curiousdoodler,30397,True,False,False
612,0.99,66,dscience_throwaway,57,False,False,False
611,0.96,213,aznpersuazion,198,False,False,False
613,0.95,81,Frawzey,246,True,False,False
608,0.96,139,aidigvijay,628,False,False,False
606,0.98,137,Tender_Figs,28259,False,False,False
601,0.99,60,bikeskata,5344,False,False,False
595,0.95,113,analyzeTimes,12515,False,False,False
598,0.96,71,madzthakz,11296,False,False,False
599,0.98,26,rohan36,331,False,False,False
597,0.97,198,im_most_likely_lyin,35,False,False,False
591,0.8,98,rotterdamn8,3926,False,False,False
578,0.98,46,ADGEfficiency,686,False,False,False
578,0.95,206,ElongatedMuskrat122,32209,False,False,False
585,0.96,192,happysealND,29640,False,False,False
582,0.98,36,NotActual,2341,False,False,False
581,0.98,207,hybridvoices,6060,False,False,False
569,0.93,256,beauxnasty,4033,False,False,False
568,0.97,90,kiwiboy94,863,False,False,False
572,0.96,32,takenorinvalid,200596,False,False,False
566,0.97,62,thomasvarekamp,52,False,False,False
568,0.79,163,takenorinvalid,200596,False,False,False
568,0.99,75,Fridaysgame,36288,False,False,False
566,0.9,36,NazihKalo,1007,True,False,False
562,0.98,49,DS_throwitaway,3416,False,False,False
557,0.85,123,0lympu5,804,False,False,False
558,0.95,511,ticktocktoe,34666,False,False,False
559,0.96,97,HesaconGhost,6872,False,False,False
557,0.95,59,tl_throw,664,False,False,False
560,0.97,103,a_moss_snake,1942,True,False,False
560,0.98,136,takenorinvalid,200596,False,False,False
558,0.95,184,alchemicalchemist,1159,False,False,False
551,0.96,159,ExternalPin203,651,False,False,False
545,0.94,168,stargazer369,55,False,False,False
539,0.95,83,omniscient97,5575,False,False,False
543,0.96,158,ObiWanFoley,4372,False,False,False
542,0.96,69,stolzen,818,False,False,False
543,0.89,134,all_you_can_eat_soup,4088,False,False,False
540,0.96,68,mathmagician9,6034,False,False,False
537,0.9,334,veeeerain,9835,False,False,False
537,0.97,111,scun1995,28737,False,False,False
539,0.98,136,AlopexLagopus3,5300,False,False,False
536,0.97,41,RareIncrease,27008,False,False,False
534,0.82,311,lizardfrizzler,2495,False,False,False
536,0.99,28,yaph,8564,True,False,False
537,0.96,32,ibsurvivors,1100,False,False,False
527,0.98,149,notevilyet99,1042,True,False,False
529,0.98,16,MathyPants,588,False,False,False
525,0.98,29,sanchit089,26,False,False,False
525,0.98,17,etylback,740,False,False,False
532,0.95,52,vogt4nick,4672,True,False,False
528,0.96,188,quantpsychguy,12080,False,False,False
520,0.97,102,datdutho,1057,False,False,False
522,0.97,151,adhi-,83700,True,False,False
518,0.98,17,rohan36,331,False,False,False
518,0.97,46,samrus,27808,False,False,False
519,0.97,92,naz115,3,False,False,False
521,0.98,91,DS_throwitaway,3416,False,False,False
520,0.99,48,weird_al_yankee,6410,False,False,False
514,0.98,93,Zojiun,4086,False,False,False
512,0.97,86,back50,42,False,False,False
513,0.95,145,quite--average,1829,False,False,False
509,0.88,130,sheldonzy,8103,False,False,False
512,0.86,229,alberto-matamoro,0,False,False,False
508,0.94,74,julkar9,1567,True,False,False
506,0.96,24,Last_Contact,14304,True,False,False
501,0.97,195,Mother_Drenger,5710,False,False,False
502,0.98,128,Manspider10,318,False,False,False
505,0.95,117,Davidat0r,182,False,False,False
500,0.91,24,jweir136,439,True,False,False
495,0.97,130,data4lyfe,362,False,False,False
499,0.96,174,tarunn2799,790,False,False,False
494,0.97,65,coronnial,1743,False,False,False
497,0.97,37,prof_happy,1548,True,False,False
494,0.98,66,Hellr0x,2651,True,False,False
493,0.98,154,unsteady_panda,14524,False,False,False
495,0.89,174,randoma1231vd,187,False,False,False
492,0.97,68,senorgraves,47800,True,False,False
492,0.98,130,trackerFF,68736,False,False,False
487,0.97,60,Insertrandomcomment,680,False,False,False
485,0.97,81,split_stones,674,False,False,False
486,0.96,83,coalcracker462,1361,False,False,False
490,0.97,77,dfphd,24487,True,False,False
488,0.97,257,darkly-dreamer,65,False,False,False
485,0.96,107,ysharm10,6049,False,False,False
485,0.98,72,taukeh,107,False,False,False
482,0.98,64,joeycloud,32998,True,True,False
483,0.97,12,rohan36,331,False,False,False
482,0.9,19,faviovaz,7,False,False,False
475,0.91,170,Passacagalia,268,False,False,False
481,0.97,27,uAx,2935,False,False,False
473,0.99,30,maroxtn,4736,True,False,False
473,0.87,47,Omega037,81212,True,False,False
474,0.98,107,wTVd0,1333,False,False,False
474,0.97,69,stolzen,818,False,False,False
471,0.95,27,BobFromStateBarn,7688,False,False,False
475,0.97,83,da_chosen1,8050,False,False,False
472,0.97,59,MadNietzsche,1257,False,False,False
468,0.98,50,Acrobatic-Egg-,87,False,False,False
471,0.97,107,tillomaniac,333,False,False,False
466,0.96,177,LatterConcentrate6,951,False,False,False
464,0.98,124,veeeerain,9835,False,False,False
464,0.89,151,buy_some_wow,71,False,False,False
466,0.98,117,wannabeshitposter,803,False,False,False
462,0.86,227,TrollandDie,37834,False,False,False
458,0.83,312,Middle_Practical,-2,False,False,False
462,0.96,181,quite--average,1829,False,False,False
463,0.95,195,gamblingmysalary,270,False,False,False
461,0.91,56,Razaberry,6692,True,False,False
459,0.97,45,keshav57,45,False,False,False
454,0.95,128,postal__dude,295,False,False,False
459,0.98,228,shmoe94,4,False,False,False
457,0.99,58,inventormc,50,False,False,False
460,0.98,44,RexRecruiting,1648,True,False,False
454,0.94,80,fatchad420,17552,True,False,False
456,0.96,128,speedisntfree,11645,False,False,False
450,0.98,162,unixmint,59,False,False,False
449,0.9,128,nouseforaname888,6386,False,False,False
450,0.94,56,mrcihandemir,136,True,False,False
444,0.99,41,modtrax,12912,False,False,False
447,0.98,18,shervinea,1,False,False,False
451,0.95,143,ds9329,856,False,False,False
446,0.97,124,kirtan-desai,245,False,False,False
451,0.96,39,ibsurvivors,1100,False,False,False
442,0.96,184,FranticToaster,60689,False,False,False
441,0.98,57,Gyllenspetz,42,False,False,False
428,0.96,42,ADGEfficiency,686,False,False,False
431,0.95,56,skj8,67,False,False,False
428,0.98,215,BuffaloJuice,828,False,False,False
433,0.97,65,memcpy94,3140,False,False,False
432,0.98,656,Omega037,81212,True,False,False
420,0.94,54,KoolAidMeansCluster,480,False,False,False
426,0.99,20,kwazar90,327,False,False,False
426,0.97,111,Affectionate_Shine55,5806,False,False,False
422,0.96,60,quite--average,1829,False,False,False
425,0.96,88,mateussgarcia,3662,True,False,False
421,0.98,134,giantZorg,4651,False,False,False
419,0.91,22,harsh5161,196,False,False,False
425,0.82,125,eawal,236,False,False,False
420,0.98,139,themaverick7,1284,False,False,False
421,0.97,136,quite--average,1829,False,False,False
421,0.93,86,dfphd,24487,True,False,False
416,0.97,101,fmarm,394,False,False,False
423,0.98,164,sanket39,10736,False,False,False
420,0.95,88,dfphd,24487,True,False,False
414,0.92,81,Justanotherguy2022,727,False,False,False
418,0.97,85,danielwbean,11,False,False,False
415,0.98,81,DCreeden,1597,False,False,False
412,0.88,109,authorsuraj,1313,True,False,False
410,0.98,79,mikeike93,313,False,False,False
414,0.97,186,limedove,2557,False,False,False
411,0.98,113,ForeignMate,840,False,False,False
412,0.98,115,sk81k,1356,False,False,False
408,0.95,138,bikeskata,5344,False,False,False
407,0.94,70,FisterAct,812,False,False,False
410,0.78,122,porgy_y,288,False,False,False
407,0.93,155,a_wsty,347,False,False,False
404,0.98,123,WorkingMusic,1918,False,False,False
409,0.95,80,Tarneks,249,False,False,False
409,0.95,138,infinitegodess,1843,False,True,False
410,0.99,46,forbiscuit,19769,True,False,False
404,0.94,42,ibsurvivors,1100,False,False,False
403,0.97,138,SpicyElephant,2124,False,False,False
408,0.94,174,DeckardNine,378,False,False,False
402,0.97,164,jambery,5073,False,False,False
407,0.98,102,dfphd,24487,True,False,False
398,0.97,92,morningshower,711,False,False,False
407,0.93,4,stacm614,6599,False,False,False
402,0.93,20,smocky13,12761,False,True,False
401,0.93,80,gimmie100K,2235,False,False,False
404,0.93,122,DrRedmondNYC,2212,False,False,False
402,0.97,154,OkHeat6599,0,False,False,False
398,0.97,83,JavaScriptGirl27,5970,False,False,False
399,0.98,6,DoctaSpaceman,2074,True,False,False
398,0.98,52,cptsanderzz,6221,False,False,False
393,0.9,146,endeesa,118,False,False,False
400,0.96,104,bramapuptra,532,False,False,False
397,0.98,38,BobbyTaylor_,193,False,True,False
398,0.92,425,Jollyhrothgar,2936,True,False,False
395,0.96,99,LjungatheNord,1205,False,False,False
391,0.9,28,vogt4nick,4672,True,False,False
394,0.93,115,therockhound,1629,False,False,False
388,0.92,156,BlackLotus8888,9525,False,False,False
389,0.94,118,kiwipineapplebug2,826,False,False,False
393,0.96,179,memcpy94,3140,False,False,False
394,0.96,135,boredmanonthemoon,253,False,False,False
389,0.98,27,lil_meep,2939,False,False,False
390,0.95,136,masher_oz,30451,True,False,False
387,0.94,69,profnibblywibbly,3714,False,False,False
389,0.94,32,takenorinvalid,200596,False,False,False
393,0.81,92,Kobedoggg,793,True,False,False
388,0.96,36,HorseMaskedMan,5352,True,False,False
386,0.96,84,Z_Gunner,1003,False,False,False
394,0.98,137,chandra381,60170,True,False,False
387,0.96,133,lhrivsax,6745,False,False,False
387,0.94,315,human--doodle,227,False,False,False
388,0.98,153,ghostofkilgore,73711,False,False,False
390,0.95,150,_alexandermartin,18137,False,False,False
392,0.98,48,Artgor,17276,True,True,False
387,0.98,70,Justanotherguy2022,727,False,False,False
386,0.95,136,ingloreous_wetard,5704,False,False,False
389,0.97,22,boss5667,1268,False,False,False
383,0.99,88,ysharm10,6049,False,False,False
380,0.91,469,Notalabel_4566,224,False,True,False
384,0.93,107,THE_REAL_ODB,8979,True,False,False
384,0.87,150,magicpeanut,3118,True,False,False
384,0.94,46,ZhongTr0n,1827,False,False,False
382,0.73,132,takenorinvalid,200596,False,False,False
385,0.96,16,b06901038g,122,False,False,False
382,0.98,37,savetherandomforests,884,False,False,False
384,0.98,91,Tzimpo,1045,False,False,False
377,0.99,61,postscarce,18385,False,False,False
380,0.98,96,Infinite-Branch-3826,124,False,False,False
384,0.98,163,quite--average,1829,False,False,False
378,0.91,157,DuckieNukeEm,153,False,False,False
380,0.98,92,jackfever,523,False,False,False
380,0.93,88,ibsurvivors,1100,False,False,False
380,0.94,36,BrilliantCashew,2068,False,False,False
374,0.97,165,cruelbankai,13462,False,False,False
376,0.98,132,yaymayhun,951,False,False,False
379,0.95,112,teeqtee33,808,False,False,False
377,0.97,229,almeldin,3012,False,False,False
374,0.96,66,datasliceYT,134,False,False,False
374,0.94,97,dfphd,24487,True,False,False
369,0.94,31,yuicebox,22119,False,False,False
376,0.99,75,quite--average,1829,False,False,False
375,0.96,85,bigno53,14570,False,False,False
371,0.99,151,dhaitz,3899,False,False,False
369,0.97,28,mowkdizz,1437,False,False,False
373,0.96,10,pringlescan5,120586,False,True,False
371,0.96,278,Friendly-Cat-79,648,False,False,False
365,0.97,80,kenzie1203,1138,False,False,False
363,0.93,40,dreamtiwasabulld0zer,25082,True,False,False
364,0.96,44,t_warsop,8,False,False,False
366,0.98,82,omtinez,27,False,False,False
359,0.95,141,darkness1685,23369,False,False,False
360,0.95,97,productive_guy123,798,False,False,False
357,0.94,63,stalf,3172,True,False,False
363,0.93,131,__in_control,141,False,False,False
361,0.97,50,7Seas_ofRyhme,1829,True,False,False
359,0.98,58,weird_al_yankee,6410,False,False,False
357,0.97,106,ColickingSeahorse,13190,True,False,False
355,0.97,44,yukobeam,1358,False,False,False
361,0.98,47,yoursdata,2694,False,False,False
361,0.97,209,TheBankTank,26204,False,False,False
360,0.96,190,Data_Dork,447,False,False,False
356,0.97,31,stolzen,818,False,False,False
361,0.97,13,emmaglow,0,False,False,False
353,0.93,49,vishwabhai,75,False,False,False
351,0.99,35,StriderKeni,2404,False,False,False
353,0.87,279,Alex_Strgzr,9561,False,False,False
354,0.98,126,DJAlaskaAndrew,21609,False,False,False
355,0.99,27,NoisyFrequency,5298,False,False,False
348,0.94,62,browneyesays,4361,True,False,False
348,0.97,71,von_Olivenbaum,65,False,False,False
345,0.99,1,NotActual,2341,False,False,False
346,0.94,28,Amazing-Pin4771,19,False,False,False
347,0.97,100,toomaime,73,True,False,False
349,0.94,18,Knighty314,35,False,False,False
351,0.95,137,umasstpt12,61574,False,False,False
346,0.96,124,Miriel18,69,False,False,False
346,0.96,117,RuleteroNini,4939,False,False,False
349,0.97,27,ibsurvivors,1100,False,False,False
348,0.99,84,GirlLunarExplorer,8962,False,False,False
349,0.99,87,dfphd,24487,True,False,False
346,0.93,324,aidigvijay,628,False,False,False
347,0.98,85,abbey_chup_bakchod,212,False,False,False
345,0.94,12,Mynameis__--__,6500,True,False,False
347,0.99,70,MAXnRUSSEL,9640,False,False,False
350,0.95,12,lmcinnes,2870,False,False,False
340,0.95,224,marabou_stork,955,False,False,False
340,0.98,24,aschonfe,745,False,False,False
342,0.96,29,pgg1610,2002,False,False,False
340,0.98,18,datavizpyr,70,False,False,False
340,0.97,36,shex1627,21,False,False,False
342,0.95,167,TemperatureNo373,43,False,False,False
338,0.96,68,ohanse,79167,False,False,False
345,0.97,82,retromani,783,False,False,False
343,0.99,51,aschonfe,745,False,False,False
340,0.96,75,dfphd,24487,True,False,False
341,0.95,12,not_not_lying,17286,True,False,False
337,0.97,234,yaakarsh1011,93,False,False,False
343,0.97,15,OppositeMidnight,289,True,False,False
334,0.97,70,Zombieasteroidlizard,155,False,False,False
336,0.94,149,Swan_233,4724,False,False,False
334,0.93,44,IronFilm,19865,True,False,False
331,0.98,59,Le2vo,694,False,False,False
331,0.97,47,CDRSkywalker1991,174,False,False,False
331,0.99,16,abdalimran,59,False,False,False
333,0.97,167,Super-Move,207,False,False,False
331,0.94,9,jsalsman,86496,True,False,False
333,0.98,20,datasliceYT,134,False,False,False
332,0.95,81,dfphd,24487,True,False,False
329,0.93,48,nouseforaname888,6386,False,False,False
333,0.97,15,OppositeMidnight,289,True,False,False
336,0.8,145,ibsurvivors,1100,False,False,False
332,0.97,46,Alfredo_Garcia_,9244,False,False,False
336,0.98,78,notevilyet99,1042,True,False,False
326,0.91,129,tl_throw,664,False,False,False
334,0.96,17,faviovaz,7,False,False,False
330,0.69,228,takenorinvalid,200596,False,False,False
334,0.94,95,Hari1503,4610,False,False,False
334,0.97,143,Evening_Top,913,False,False,False
324,0.97,122,Kaudinya,667,False,False,False
333,0.83,223,The_Bear_Baron,4814,False,False,False
323,0.95,39,Illustrious_Row_9971,2751,True,False,False
323,0.99,179,kite_and_code,280,True,False,False
326,0.96,50,takenorinvalid,200596,False,False,False
325,0.9,250,Admiral_Wen,3829,False,False,False
323,0.97,27,Geckoboard,164,False,False,False
327,0.98,124,THE_REAL_ODB,8979,True,False,False
324,0.93,118,mr_chanandler_bong_1,23416,False,False,False
325,0.94,120,PythonDenverDude,160,False,False,False
322,0.95,82,just_dtip,159,False,False,False
319,0.88,129,da_chosen1,8050,False,False,False
324,0.99,129,Omega037,81212,True,False,False
321,0.97,76,leonoel,64617,True,False,False
319,0.97,10,whambamthankyoumane,22194,True,False,False
327,0.96,159,BraveSeaworthiness21,5273,False,False,False
326,0.96,101,samrus,27808,False,False,False
321,0.98,69,Limebabies,18931,True,False,False
320,0.95,71,bweber,848,False,False,False
319,0.91,341,ticktocktoe,34666,False,False,False
319,0.9,121,EnzoM1912,1582,False,False,False
320,0.91,66,IndependentFI,39,False,False,False
320,0.99,104,neuroguy6,1262,False,False,False
319,0.98,15,cdlm89,159,False,False,False
315,0.98,75,Jbor941197,173,False,False,False
317,0.94,204,FredNietzsche94,1000,False,False,False
312,0.96,159,killanight,5237,False,False,False
313,0.98,36,Yuqing7,240,False,False,False
317,0.92,27,stolzen,818,False,False,False
318,0.96,67,Rooftopknott,2923,False,False,False
322,0.94,267,suggestabledata,79,False,False,False
314,0.95,137,Valmishra,53,False,False,False
318,0.97,115,kindasortadata,143,False,False,False
312,0.98,69,poopybutbaby,4229,False,False,False
313,0.97,95,notevilyet99,1042,True,False,False
315,0.99,22,datasliceYT,134,False,False,False
317,0.99,65,PigDog4,153357,False,False,False
314,0.99,63,Original_MrHaste,3540,False,False,False
318,0.95,75,filippovd20,105,False,False,False
310,0.97,157,infiniflux,634,False,False,False
315,0.88,190,ZhuangZhe,8122,False,False,False
314,0.94,118,minus_uu_ee,22182,False,False,False
306,0.94,84,__compactsupport__,30690,True,False,False
309,0.98,55,vaaalbara,200,False,False,False
304,0.91,63,Climbrunbikeandhike,408,False,False,False
305,0.93,140,Tryingtosurvaive,14,False,False,False
308,0.88,56,lls1494,1806,False,False,False
309,0.88,46,SpiritofPleasure,261,False,False,False
304,0.96,91,xbomber88,91,False,False,False
308,0.96,20,RudyWurlitzer,1674,True,False,False
305,0.94,53,Screend,2281,False,False,False
307,0.96,173,adamwfletcher,86,True,False,False
303,0.96,22,siganakis,49,False,False,False
305,0.99,227,radiantphoenix279,8776,False,False,False
304,0.97,67,statistical_engineer,1893,False,False,False
307,0.95,26,InProx_Ichlife,48610,False,False,False
303,0.96,3,ttelbarto,873,False,False,False
303,0.97,56,basicallybrittt,197,False,False,False
299,0.96,42,patrickSwayzeNU,33874,True,False,False
299,0.99,32,vogt4nick,4672,True,False,False
297,0.93,122,nouseforaname888,6386,False,False,False
303,0.97,209,AmanMegha2909,2518,False,False,False
300,0.96,123,memcpy94,3140,False,False,False
298,0.96,14,iusedtobeinteresting,5544,True,False,False
300,0.96,70,asschap,1545,False,False,False
301,0.95,87,no_gpu,232,False,False,False
295,0.98,96,__compactsupport__,30690,True,False,False
301,0.98,47,dondraper36,321,False,False,False
296,0.97,123,iFlipsy,1181,True,False,False
301,0.97,188,Hellr0x,2651,True,False,False
299,0.96,176,ApocalypseAce,693,False,False,False
296,0.9,21,_alexiswashere,827,False,False,False
296,0.92,51,Ben___Garrison,7409,False,False,False
301,0.97,9,LimarcAmbalina,514,True,False,False
299,0.98,8,wheresbandit,82,False,False,False
298,0.95,41,t1nak,2731,True,False,False
297,0.97,83,pythonfanatic,122,False,False,False
292,0.91,222,quite--average,1829,False,False,False
298,0.98,77,daniel-imberman,3717,False,False,False
295,0.92,202,mosef18,220,False,False,False
291,0.97,153,7Seas_ofRyhme,1829,True,False,False
293,0.98,173,dfphd,24487,True,False,False
292,0.99,30,Insertrandomcomment,680,False,False,False
296,0.92,222,BoiElroy,1360,False,True,False
290,0.98,143,nuggs0808,1730,False,False,False
289,0.93,114,Alfredo_Garcia_,9244,False,False,False
291,0.94,29,antichain,33769,False,False,False
287,0.95,120,kite_and_code,280,True,False,False
289,0.97,27,malmcb,1361,False,False,False
290,0.92,38,A_Time_Space_Person,56,False,False,False
289,0.97,50,pmp1321,2058,False,False,False
285,0.96,68,Moontrix,525,False,False,False
285,0.95,120,bm0r3son,1959,False,True,False
284,0.96,142,runboba,5809,False,False,False
287,0.97,91,Popgoestheweeeasle,464,False,False,False
287,0.95,89,rotterdamn8,3926,False,False,False
281,0.96,66,toceto_mk,186,False,False,False
286,0.97,85,Reddit_Account_C-137,206,False,False,False
286,0.96,121,Beekle1014,225,False,False,False
284,0.91,137,antichain,33769,False,False,False
284,0.93,26,kotartemiy,832,False,False,False
282,0.96,93,vogt4nick,4672,True,False,False
281,0.96,72,quite--average,1829,False,False,False
284,0.96,15,HAL8990,40,False,False,False
280,0.94,188,Plane-Pen5565,1,False,False,False
279,0.98,194,GravityAI,679,True,False,False
278,0.94,50,abdulj07,1327,False,False,False
276,0.89,77,chamabc,1081,False,False,False
277,0.96,19,staircasestats,598,False,False,False
277,0.98,24,proof_required,39936,False,False,False
282,0.98,77,Passacagalia,268,False,False,False
276,0.91,143,jaegarbong,2900,False,False,False
278,0.96,123,lovee_politics,118,False,False,False
276,0.95,111,jehan_gonzales,20870,False,False,False
277,0.97,132,Lewba,1050,False,True,False
274,0.96,83,brhkim,1011,False,False,False
275,0.98,24,gigamosh57,18504,True,False,False
279,0.98,30,AdditionalWay,1628,True,False,False
278,0.89,102,hummus_homeboy,6909,True,False,False
275,0.9,19,kiwiboy94,863,False,False,False
276,0.95,55,mcjon77,65578,False,False,False
271,0.94,19,Shouldacouldawoulda7,26001,False,False,False
270,0.97,146,engineheat,144,False,False,False
277,0.99,11,vasili111,1956,False,False,False
273,0.9,211,TikTok_Pi,564,False,False,False
269,0.96,99,quite--average,1829,False,False,False
271,0.94,60,abyz00,782,False,False,False
269,0.95,61,Beneficial_Bison_801,12419,False,False,False
270,0.95,164,SuccMyStrangerThings,25340,False,False,False
270,0.98,112,CacheMeUp,707,False,False,False
270,0.96,170,senorgraves,47800,True,False,False
270,0.98,70,boss-mannn,1102,False,False,False
272,0.98,199,shlushfundbaby,999,False,False,False
266,0.98,94,selib,55008,True,False,False
271,0.98,91,CodeRed1234,27128,False,False,False
267,0.88,140,ds9329,856,False,False,False
270,0.98,31,OptimalPlay,3299,True,False,False
269,0.95,60,Phnyx,3436,False,False,False
267,0.82,84,pizzagarrett,1861,False,False,False
267,0.9,63,TheSickGamer,13122,False,False,False
268,0.96,131,Prudent_Astronomer_4,6652,False,False,False
265,0.98,51,DS_throwitaway,3416,False,False,False
268,0.96,71,peterlaanguila8,1002,False,False,False
268,0.97,33,jeremie-harris,23,False,False,False
269,0.93,75,notenoughcharac,2911,False,False,False
266,0.98,15,robert_chang,11,False,False,False
264,0.97,130,wage_slaving_sucks,482,False,False,False
263,0.91,92,vicky_gb,312,False,False,False
265,0.98,84,Proof_Wrap_2150,381,False,False,False
269,0.93,144,taxi_man10,5759,False,False,False
266,0.98,34,DreamyPen,913,False,False,False
264,0.96,82,stuffingmybrain,13544,False,False,False
263,0.87,171,quite--average,1829,False,False,False
264,0.96,74,Annual_Sector_6658,128,False,False,False
265,0.98,41,pacificunt,611,False,False,False
260,0.9,121,TrueAzn,184,False,False,False
260,0.93,179,MonthyPythonista,526,False,False,False
261,0.95,87,CamelCaseCaravan,1198,False,False,False
261,0.95,78,roylv22,979,False,False,False
264,0.96,107,Magical_Username,20114,False,False,False
256,0.98,15,ConfidentMushroom,3294,False,False,False
260,0.99,81,MGeeeeeezy,1430,True,False,False
257,0.95,123,WinterNet4676,434,False,False,False
263,0.97,210,AntiqueFigure6,26293,False,False,False
256,0.98,23,mgalarny,94,False,False,False
260,0.96,10,slumlord866,14637,False,False,False
259,0.97,53,tifa365,7516,False,False,False
258,0.96,30,Ryankinsey1,24096,False,False,False
256,0.97,47,Divisible-by-zero,11311,False,False,False
257,0.97,2,RankLord,101,True,False,False
258,0.97,101,GreatStats4ItsCost,11846,False,False,False
258,0.98,15,rapotor,1996,False,False,False
258,0.98,32,NewDateline,1186,False,False,False
258,0.89,174,nancybotwinnn,3625,False,False,False
256,0.92,84,Le2vo,694,False,False,False
257,0.99,41,Old_H00nter,7469,False,False,False
255,0.91,125,LexMeat,5934,False,False,False
253,0.93,191,Smoothie17,4589,False,False,False
252,0.98,150,vogt4nick,4672,True,False,False
253,0.99,33,neb2357,489,False,False,False
255,0.95,130,LjungatheNord,1205,False,False,False
249,0.98,23,ibsurvivors,1100,False,False,False
252,0.98,77,load_more_commments,37715,False,False,False
254,0.95,23,snazrul,30,True,False,False
249,0.98,82,owlwaves,20019,False,False,False
246,0.96,51,giantZorg,4651,False,False,False
248,0.96,142,MyNotWittyHandle,2458,False,False,False
250,0.97,212,tururut_tururut,6002,False,False,False
250,0.9,211,Greedy_Comfortable73,2869,False,False,False
251,0.84,134,BullCityPicker,50347,False,False,False
253,0.99,360,Omega037,81212,True,False,False
248,0.96,52,rotterdamn8,3926,False,False,False
249,0.96,12,kotartemiy,832,False,False,False
252,0.98,88,quite--average,1829,False,False,False
248,0.96,127,takenorinvalid,200596,False,False,False
249,0.98,27,unethicalpancakes,629,True,False,False
249,0.94,42,dbs_champ,1060,False,False,False
251,0.93,50,mhwalker,3772,False,False,False
249,0.95,103,TheManveru,2165,False,False,False
250,0.95,45,ChemEngandTripHop,10477,False,False,False
252,0.96,98,Least_Curious_Crab,1146,False,False,False
245,0.98,35,gfdsilva_,58,False,False,False
246,0.96,96,Beavisx_K_90,3928,True,False,False
246,0.89,215,badboyyy112,2208,False,False,False
247,0.98,29,JS-AI,616,False,False,False
247,0.95,151,saindoja,181,False,False,False
249,0.96,11,skj8,67,False,False,False
245,0.94,142,7Seas_ofRyhme,1829,True,False,False
245,0.9,25,Philo167,72,False,False,False
245,0.96,74,morningshower,711,False,False,False
248,0.98,30,RedditRabbitRobot,8744,False,False,False
249,0.67,229,shoeshind,416,False,False,False
244,0.98,67,nyc_brand,7947,False,False,False
245,0.95,80,97thdimension,103,False,False,False
248,0.98,27,brendanmartin,1387,True,False,False
246,0.95,24,quanteconomics,20,False,False,False
245,0.92,73,AquerreTimaneux,40,False,False,False
242,0.76,49,francc3sco,14288,False,False,False
245,0.98,31,randyfan01,3800,False,False,False
241,0.96,94,Hopes_High,5833,False,False,False
243,0.89,110,haasilein,5924,True,False,False
245,0.95,95,MindlessTime,4230,False,False,False
242,0.94,4,HesaconGhost,6872,False,False,False
242,0.91,58,SiliconValleyIdiot,7748,False,False,False
238,0.94,38,argminUsername,311,False,False,False
241,0.95,182,just_A_rando7,314,False,False,False
241,0.95,11,Jdj8af,2001,False,False,False
244,0.96,52,CWHzz,49794,False,False,False
244,0.99,33,OppositeMidnight,289,True,False,False
243,0.93,16,rohan36,331,False,False,False
242,0.99,38,selib,55008,True,False,False
243,0.96,185,Mysterious-Ad3134,558,False,False,False
240,0.95,100,ReBoemer,59,False,False,False
243,0.96,21,maxmoo,989,False,False,False
237,0.91,53,MercuriusExMachina,4674,True,False,False
237,0.94,75,NoHetro,9904,True,False,False
240,0.94,116,supersonicsongbird,14008,False,False,False
238,0.96,31,browneyesays,4361,True,False,False
242,0.99,15,dhrumilcse,41,False,False,False
236,0.96,65,da_chosen1,8050,False,False,False
240,0.96,42,matt_rudo,1109,False,False,False
232,0.98,110,jsalas1,4440,True,False,False
233,0.96,57,trouble_sleeping_,309,False,False,False
237,0.96,31,TrendingBot,1821,True,False,False
235,0.93,19,Philo167,72,False,False,False
231,0.93,91,xXguitarsenXx,424,False,False,False
237,0.96,13,RacerRex9727,1905,False,False,False
235,0.98,7,CataclysmClive,20223,False,False,False
235,0.95,177,taiwanna,76248,False,False,False
235,0.96,125,saidshewannagotoS0HO,33836,False,False,False
233,0.9,133,DragonWarrior008,2320,False,False,False
231,0.96,66,sue_sushi,675,False,False,False
234,0.95,190,IAMHideoKojimaAMA,126286,False,False,False
233,0.97,45,EconomixTwist,5636,False,False,False
236,0.93,125,cesusjhrist,1190,False,False,False
231,0.95,19,hoaphumanoid,76,False,False,False
233,0.95,50,SomaDomaBoma,30470,True,False,False
232,0.85,91,MrLongJeans,32466,False,False,False
230,0.99,59,Stauce52,90778,False,False,False
232,0.95,50,CompetitivePlastic67,1087,False,False,False
230,0.97,35,sciencewarrior,77414,False,False,False
230,0.97,55,mofoss,4452,False,False,False
234,0.91,134,donnomuch,1419,False,False,False
228,0.96,34,JeffTheSpider,12653,False,False,False
229,0.98,42,Cut_Copies,2498,False,False,False
227,0.99,53,svartgeit,1998,False,False,False
231,0.98,75,obewanjacobi,1807,False,False,False
226,0.93,105,DrSkoolie,14293,True,False,False
230,0.89,168,datamakesmydickhard,492,False,False,False
231,0.91,39,julkar9,1567,True,False,False
226,0.96,10,rohan36,331,False,False,False
230,0.99,27,HHendrik,547,False,False,False
231,0.98,34,Uzalud,4394,True,False,False
225,0.93,49,WatchMeFartQuietly,1396,False,False,False
225,0.96,31,pp314159,588,True,False,False
226,0.95,57,DJAlaskaAndrew,21609,False,False,False
221,0.94,83,Outside_Cod_6705,934,False,False,False
223,0.97,103,quite--average,1829,False,False,False
224,0.95,68,ElQuesoLoco,584,False,False,False
222,0.97,51,tifa365,7516,False,False,False
225,0.96,37,ammar-,182,False,False,False
224,0.95,69,puttasaikiran,32,False,False,False
225,0.9,11,howMuchCheeseIs2Much,2092,False,False,False
223,0.85,74,therockhound,1629,False,False,False
220,0.92,119,AntiqueFigure6,26293,False,False,False
223,0.97,140,Your_Data_Talking,5287,False,False,False
223,0.91,94,ds9329,856,False,False,False
222,0.97,61,Monkfrootx,1128,False,False,False
219,0.96,202,shim12,9180,True,False,False
223,0.92,17,superconductiveKyle,123,False,False,False
218,0.95,77,themaverick7,1284,False,False,False
222,0.97,72,loriksmith,4514,True,False,False
220,0.91,153,iFlipsy,1181,True,False,False
218,0.94,79,showhatareyoushaying,987,False,False,False
220,0.97,29,psycowhisp,840,False,False,False
221,0.98,2,gojandrooo,60,False,False,False
219,0.93,72,data4lyfe,362,False,False,False
216,0.96,18,Astrolotle,6287,False,False,False
220,0.93,65,chamabc,1081,False,False,False
220,0.97,122,TheMysteryDoge,105,False,False,False
217,0.98,42,Lostwhispers05,6710,False,False,False
220,0.98,25,reshmi203,50,False,False,False
217,0.89,144,takuonline,61,False,False,False
219,0.96,63,ilovezachy2pointO,750,False,False,False
217,0.95,37,woben3,144,False,False,False
218,0.96,118,Busy-Chipmunk,127,False,False,False
214,0.99,94,mrdlau,1332,False,False,False
219,0.89,54,yetorico,1046,False,False,False
217,0.96,2,QuirkySpiceBush,117509,True,False,False
216,0.97,51,Hipocampus777,68,False,False,False
220,0.91,68,quite--average,1829,False,False,False
219,0.96,105,AllSheNeededWasSum,1389,False,False,False
219,0.96,68,Scutterbum,21201,True,False,False
215,0.95,112,igotrunoverbyalexis,86,False,False,False
214,0.97,51,troyboltonislife,35436,False,False,False
213,0.97,473,Omega037,81212,True,False,False
212,0.98,39,atruetoe,145,False,False,False
218,0.9,13,metover,28,False,False,False
211,0.97,161,exact-approximate,2935,False,False,False
216,0.99,12,rohan36,331,False,False,False
214,0.92,41,Old_Cauliflower6316,0,False,False,False
214,0.96,110,slinkystraightened,275,False,False,False
212,0.98,72,statistical_engineer,1893,False,False,False
215,0.96,64,Dismal-Variation-12,2366,False,False,False
214,0.98,35,chiv,4139,False,False,False
214,0.92,70,Nateorade,124515,True,False,False
215,0.86,87,sandith752,13325,False,False,False
212,0.97,23,pmbro,71,False,False,False
212,0.97,70,engineheat,144,False,False,False
215,0.97,12,rohan36,331,False,False,False
212,0.99,9,arogozhnikov,58,False,False,False
213,0.98,67,cdtmh,882,False,False,False
215,0.95,143,rightheart,927,False,False,False
211,0.97,52,hairbear1234,374,False,False,False
209,0.96,121,cj6ixx0,3146,False,False,False
212,0.98,5,cdlm89,159,False,False,False
216,0.87,19,forthesakeofspatial,95,False,False,False
211,0.97,58,aspirine_,106,False,False,False
211,0.97,129,lil_ponY,5769,False,False,False
208,0.94,68,Clinkza1,367,False,False,False
214,0.96,69,blueest,179,False,False,False
